line-zero-aluminum,line-zero-porcelain,line-zero-glass,entrance-modern,entrance-provence,synagogue,front-views,special
https://res.cloudinary.com/dkgx2zv2g/image/upload/v1754540887/27_ct0i9l.jpg,https://res.cloudinary.com/dkgx2zv2g/image/upload/v1754534262/WhatsApp_Image_2025-08-06_at_21.49.40_1_kccexv.jpg,https://res.cloudinary.com/dkgx2zv2g/image/upload/v1754534608/WhatsApp_Image_2025-08-06_at_22.12.28_thlhtc.jpg,https://res.cloudinary.com/dkgx2zv2g/image/upload/v1754533670/WhatsApp_Image_2025-08-06_at_22.35.22_2_s2v5at.jpg,https://res.cloudinary.com/dkgx2zv2g/image/upload/v1754541908/22_iilpcf.jpg,https://res.cloudinary.com/dkgx2zv2g/image/upload/v1754534573/WhatsApp_Image_2025-08-06_at_22.39.03_tagjlv.jpg,https://res.cloudinary.com/dkgx2zv2g/image/upload/v1754535078/WhatsApp_Image_2025-08-06_at_22.53.09_1_y212ic.jpg,https://res.cloudinary.com/dkgx2zv2g/image/upload/v1754535057/WhatsApp_Image_2025-08-06_at_22.49.25_1_yw73uw.jpg
https://res.cloudinary.com/dkgx2zv2g/image/upload/v1754540882/32_rrdodm.jpg,https://res.cloudinary.com/dkgx2zv2g/image/upload/v1754534261/WhatsApp_Image_2025-08-06_at_21.49.39_gicemt.jpg,https://res.cloudinary.com/dkgx2zv2g/image/upload/v1754534606/WhatsApp_Image_2025-08-06_at_22.12.34_wygoiy.jpg,https://res.cloudinary.com/dkgx2zv2g/image/upload/v1754533669/WhatsApp_Image_2025-08-06_at_22.35.22_1_wwkiqf.jpg,https://res.cloudinary.com/dkgx2zv2g/image/upload/v1754541836/17_bn4n6u.jpg,https://res.cloudinary.com/dkgx2zv2g/image/upload/v1754534572/WhatsApp_Image_2025-08-06_at_22.39.03_1_v5e80c.jpg,https://res.cloudinary.com/dkgx2zv2g/image/upload/v1754535074/WhatsApp_Image_2025-08-06_at_22.53.08_mnsirb.jpg,https://res.cloudinary.com/dkgx2zv2g/image/upload/v1754535056/WhatsApp_Image_2025-08-06_at_22.49.24_tvzl5v.jpg
https://res.cloudinary.com/dkgx2zv2g/image/upload/v1754540878/30_b8entx.jpg,https://res.cloudinary.com/dkgx2zv2g/image/upload/v1754534259/WhatsApp_Image_2025-08-06_at_21.49.38_lrxcgv.jpg,https://res.cloudinary.com/dkgx2zv2g/image/upload/v1754534605/WhatsApp_Image_2025-08-06_at_22.12.35_lqvlmp.jpg,https://res.cloudinary.com/dkgx2zv2g/image/upload/v1754533667/WhatsApp_Image_2025-08-06_at_22.35.21_2_dcawco.jpg,https://res.cloudinary.com/dkgx2zv2g/image/upload/v1754541831/21_f4oggx.jpg,https://res.cloudinary.com/dkgx2zv2g/image/upload/v1754534571/WhatsApp_Image_2025-08-06_at_22.39.03_2_durk4o.jpg,https://res.cloudinary.com/dkgx2zv2g/image/upload/v1754535073/WhatsApp_Image_2025-08-06_at_22.53.11_hhq0r9.jpg,https://res.cloudinary.com/dkgx2zv2g/image/upload/v1754535049/WhatsApp_Image_2025-08-06_at_22.49.03_c3je3s.jpg
https://res.cloudinary.com/dkgx2zv2g/image/upload/v1754540872/31_irt65u.jpg,https://res.cloudinary.com/dkgx2zv2g/image/upload/v1754534258/WhatsApp_Image_2025-08-06_at_21.49.37_v55bsv.jpg,https://res.cloudinary.com/dkgx2zv2g/image/upload/v1754534603/WhatsApp_Image_2025-08-06_at_22.12.34_2_ta9pmc.jpg,https://res.cloudinary.com/dkgx2zv2g/image/upload/v1754533667/WhatsApp_Image_2025-08-06_at_22.35.21_onmxy6.jpg,https://res.cloudinary.com/dkgx2zv2g/image/upload/v1754541825/20_ib4t2q.jpg,https://res.cloudinary.com/dkgx2zv2g/image/upload/v1754534570/WhatsApp_Image_2025-08-06_at_22.39.02_2_qoghbn.jpg,https://res.cloudinary.com/dkgx2zv2g/image/upload/v1754535071/WhatsApp_Image_2025-08-06_at_22.53.11_1_mwsdok.jpg,https://res.cloudinary.com/dkgx2zv2g/image/upload/v1754535046/WhatsApp_Image_2025-08-06_at_22.49.03_1_kdcqih.jpg
https://res.cloudinary.com/dkgx2zv2g/image/upload/v1754540865/21_e25fjn.jpg,https://res.cloudinary.com/dkgx2zv2g/image/upload/v1754534255/WhatsApp_Image_2025-08-06_at_21.49.36_hw9mir.jpg,https://res.cloudinary.com/dkgx2zv2g/image/upload/v1754534602/WhatsApp_Image_2025-08-06_at_22.12.34_1_vpswga.jpg,https://res.cloudinary.com/dkgx2zv2g/image/upload/v1754533666/WhatsApp_Image_2025-08-06_at_22.35.21_1_anshwa.jpg,https://res.cloudinary.com/dkgx2zv2g/image/upload/v1754541713/19_uq3zum.jpg,https://res.cloudinary.com/dkgx2zv2g/image/upload/v1754534568/WhatsApp_Image_2025-08-06_at_22.39.02_x1zfgg.jpg,https://res.cloudinary.com/dkgx2zv2g/image/upload/v1754535068/WhatsApp_Image_2025-08-06_at_22.53.10_lnxedq.jpg,https://res.cloudinary.com/dkgx2zv2g/image/upload/v1754535044/WhatsApp_Image_2025-08-06_at_22.49.02_xgzbj6.jpg
https://res.cloudinary.com/dkgx2zv2g/image/upload/v1754540860/23_ybhooq.jpg,https://res.cloudinary.com/dkgx2zv2g/image/upload/v1754534251/WhatsApp_Image_2025-08-06_at_21.49.34_jgblmf.jpg,https://res.cloudinary.com/dkgx2zv2g/image/upload/v1754534599/WhatsApp_Image_2025-08-06_at_22.12.33_hjrlv0.jpg,https://res.cloudinary.com/dkgx2zv2g/image/upload/v1754533664/WhatsApp_Image_2025-08-06_at_22.35.20_mmakla.jpg,https://res.cloudinary.com/dkgx2zv2g/image/upload/v1754541708/16_ioiwv0.jpg,https://res.cloudinary.com/dkgx2zv2g/image/upload/v1754534565/WhatsApp_Image_2025-08-06_at_22.39.02_1_cw161z.jpg,https://res.cloudinary.com/dkgx2zv2g/image/upload/v1754535068/WhatsApp_Image_2025-08-06_at_22.53.10_2_egdmit.jpg,https://res.cloudinary.com/dkgx2zv2g/image/upload/v1754535041/WhatsApp_Image_2025-08-06_at_22.49.45_snn9yf.jpg
https://res.cloudinary.com/dkgx2zv2g/image/upload/v1754540851/19_zatcni.jpg,https://res.cloudinary.com/dkgx2zv2g/image/upload/v1754656098/WhatsApp_Image_2025-08-06_at_21.49.33_boahvj.jpg,https://res.cloudinary.com/dkgx2zv2g/image/upload/v1754533663/WhatsApp_Image_2025-08-06_at_22.35.29_bs2tom.jpg,https://res.cloudinary.com/dkgx2zv2g/image/upload/v1754541701/12_uxwzuh.jpg,https://res.cloudinary.com/dkgx2zv2g/image/upload/v1754541694/13_hiuv9e.jpg,https://res.cloudinary.com/dkgx2zv2g/image/upload/v1754535065/WhatsApp_Image_2025-08-06_at_22.53.10_1_wth44d.jpg,https://res.cloudinary.com/dkgx2zv2g/image/upload/v1754535036/WhatsApp_Image_2025-08-06_at_22.49.41_uyezjk.jpg,
https://res.cloudinary.com/dkgx2zv2g/image/upload/v1754540844/10_i4tvj9.jpg,https://res.cloudinary.com/dkgx2zv2g/image/upload/v1754534201/WhatsApp_Image_2025-08-06_at_21.49.35_ny4roo.jpg,https://res.cloudinary.com/dkgx2zv2g/image/upload/v1754534596/WhatsApp_Image_2025-08-06_at_22.12.33_1_fjz8pj.jpg,https://res.cloudinary.com/dkgx2zv2g/image/upload/v1754533663/WhatsApp_Image_2025-08-06_at_22.35.30_dmxt5a.jpg,https://res.cloudinary.com/dkgx2zv2g/image/upload/v1754541687/7_vjwguf.jpg,https://res.cloudinary.com/dkgx2zv2g/image/upload/v1754534563/WhatsApp_Image_2025-08-06_at_22.39.04_ynwgt5.jpg,https://res.cloudinary.com/dkgx2zv2g/image/upload/v1754792232/WhatsApp_Image_2025-08-06_at_22.53.09_2_ddukxb.jpg,https://res.cloudinary.com/dkgx2zv2g/image/upload/v1754535036/WhatsApp_Image_2025-08-06_at_22.49.40_h96pnp.jpg
https://res.cloudinary.com/dkgx2zv2g/image/upload/v1754540836/36_jcrxjg.jpg,https://res.cloudinary.com/dkgx2zv2g/image/upload/v1754534179/WhatsApp_Image_2025-08-06_at_21.49.45_1_jk1bzs.jpg,https://res.cloudinary.com/dkgx2zv2g/image/upload/v1754534594/WhatsApp_Image_2025-08-06_at_22.12.32_yt3yst.jpg,https://res.cloudinary.com/dkgx2zv2g/image/upload/v1754533662/WhatsApp_Image_2025-08-06_at_22.35.29_2_jgeqnd.jpg,https://res.cloudinary.com/dkgx2zv2g/image/upload/v1754541394/4_zf8x7x.jpg,https://res.cloudinary.com/dkgx2zv2g/image/upload/v1754534562/WhatsApp_Image_2025-08-06_at_22.39.04_2_geqjbh.jpg,https://res.cloudinary.com/dkgx2zv2g/image/upload/v1754535060/WhatsApp_Image_2025-08-06_at_22.53.09_tve9aq.jpg,https://res.cloudinary.com/dkgx2zv2g/image/upload/v1754535035/WhatsApp_Image_2025-08-06_at_22.49.40_2_alybnz.jpg
https://res.cloudinary.com/dkgx2zv2g/image/upload/v1754540829/24_tx5h5w.jpg,https://res.cloudinary.com/dkgx2zv2g/image/upload/v1754534177/WhatsApp_Image_2025-08-06_at_21.49.46_ajue77.jpg,https://res.cloudinary.com/dkgx2zv2g/image/upload/v1754534593/WhatsApp_Image_2025-08-06_at_22.12.32_2_bfqw8a.jpg,https://res.cloudinary.com/dkgx2zv2g/image/upload/v1754533660/WhatsApp_Image_2025-08-06_at_22.35.29_1_mb2rb3.jpg,https://res.cloudinary.com/dkgx2zv2g/image/upload/v1754541387/8_uvqaxk.jpg,https://res.cloudinary.com/dkgx2zv2g/image/upload/v1754534561/WhatsApp_Image_2025-08-06_at_22.39.05_nzflv4.jpg,,https://res.cloudinary.com/dkgx2zv2g/image/upload/v1754534997/WhatsApp_Image_2025-08-06_at_22.49.40_1_dwzhh9.jpg
https://res.cloudinary.com/dkgx2zv2g/image/upload/v1754540816/25_ah0387.jpg,https://res.cloudinary.com/dkgx2zv2g/image/upload/v1754534176/WhatsApp_Image_2025-08-06_at_21.49.46_1_hlgema.jpg,https://res.cloudinary.com/dkgx2zv2g/image/upload/v1754534591/WhatsApp_Image_2025-08-06_at_22.12.32_1_l3yixu.jpg,https://res.cloudinary.com/dkgx2zv2g/image/upload/v1754788474/WhatsApp_Image_2025-08-06_at_22.35.28_jnffkc.jpg,https://res.cloudinary.com/dkgx2zv2g/image/upload/v1754541380/25_zaypod.jpg,https://res.cloudinary.com/dkgx2zv2g/image/upload/v1754534558/WhatsApp_Image_2025-08-06_at_22.39.04_1_yjuyfh.jpg,,https://res.cloudinary.com/dkgx2zv2g/image/upload/v1754534991/WhatsApp_Image_2025-08-06_at_22.49.39_ypkc7q.jpg
https://res.cloudinary.com/dkgx2zv2g/image/upload/v1754540808/22_z7nicy.jpg,https://res.cloudinary.com/dkgx2zv2g/image/upload/v1754534173/WhatsApp_Image_2025-08-06_at_21.49.46_2_bfnk8j.jpg,https://res.cloudinary.com/dkgx2zv2g/image/upload/v1754534590/WhatsApp_Image_2025-08-06_at_22.12.31_wrhewm.jpg,https://res.cloudinary.com/dkgx2zv2g/image/upload/v1754788632/WhatsApp_Image_2025-08-06_at_22.35.28_2_qn6zxz.jpg,https://res.cloudinary.com/dkgx2zv2g/image/upload/v1754541124/5_hbisk6.jpg,,,https://res.cloudinary.com/dkgx2zv2g/image/upload/v1754534986/WhatsApp_Image_2025-08-06_at_22.49.39_2_sk0s6j.jpg
https://res.cloudinary.com/dkgx2zv2g/image/upload/v1754540802/18_x7jgaa.jpg,https://res.cloudinary.com/dkgx2zv2g/image/upload/v1754534172/WhatsApp_Image_2025-08-06_at_21.49.44_1_cik2nr.jpg,https://res.cloudinary.com/dkgx2zv2g/image/upload/v1754534588/WhatsApp_Image_2025-08-06_at_22.12.31_2_jqpseu.jpg,https://res.cloudinary.com/dkgx2zv2g/image/upload/v1754533653/WhatsApp_Image_2025-08-06_at_22.35.27_1_izkmve.jpg,https://res.cloudinary.com/dkgx2zv2g/image/upload/v1754788841/18_rtlm41.jpg,,,https://res.cloudinary.com/dkgx2zv2g/image/upload/v1754534983/WhatsApp_Image_2025-08-06_at_22.49.39_1_y2usea.jpg
https://res.cloudinary.com/dkgx2zv2g/image/upload/v1754540797/15_bmsf6d.jpg,https://res.cloudinary.com/dkgx2zv2g/image/upload/v1754534170/WhatsApp_Image_2025-08-06_at_21.49.47_xrvo0u.jpg,https://res.cloudinary.com/dkgx2zv2g/image/upload/v1754534587/WhatsApp_Image_2025-08-06_at_22.12.30_pbjmmf.jpg,https://res.cloudinary.com/dkgx2zv2g/image/upload/v1754788693/WhatsApp_Image_2025-08-06_at_22.35.28_1_sfrlt6.jpg,,,,https://res.cloudinary.com/dkgx2zv2g/image/upload/v1754534981/WhatsApp_Image_2025-08-06_at_22.49.38_th4ck7.jpg
https://res.cloudinary.com/dkgx2zv2g/image/upload/v1754540792/5_nbmmba.jpg,https://res.cloudinary.com/dkgx2zv2g/image/upload/v1754534167/WhatsApp_Image_2025-08-06_at_21.49.43_1_f4nitl.jpg,https://res.cloudinary.com/dkgx2zv2g/image/upload/v1754788783/WhatsApp_Image_2025-08-06_at_22.35.27_qcvt8t.jpg,https://res.cloudinary.com/dkgx2zv2g/image/upload/v1754541018/15_jiswbd.jpg,https://res.cloudinary.com/dkgx2zv2g/image/upload/v1754541006/11_ohotrm.jpg,,https://res.cloudinary.com/dkgx2zv2g/image/upload/v1754534978/WhatsApp_Image_2025-08-06_at_22.49.38_2_g4o8ml.jpg,
https://res.cloudinary.com/dkgx2zv2g/image/upload/v1754540774/6_mqx3xr.jpg,https://res.cloudinary.com/dkgx2zv2g/image/upload/v1754534167/WhatsApp_Image_2025-08-06_at_21.49.43_iteu9f.jpg,https://res.cloudinary.com/dkgx2zv2g/image/upload/v1754534582/WhatsApp_Image_2025-08-06_at_22.12.30_1_lhvwxn.jpg,https://res.cloudinary.com/dkgx2zv2g/image/upload/v1754533652/WhatsApp_Image_2025-08-06_at_22.35.27_2_g0wnyj.jpg,https://res.cloudinary.com/dkgx2zv2g/image/upload/v1754540922/3_ko6wrv.jpg,,,https://res.cloudinary.com/dkgx2zv2g/image/upload/v1754534973/WhatsApp_Image_2025-08-06_at_22.49.37_elro6f.jpg
https://res.cloudinary.com/dkgx2zv2g/image/upload/v1754540766/34_cbx2iq.jpg,https://res.cloudinary.com/dkgx2zv2g/image/upload/v1754534165/WhatsApp_Image_2025-08-06_at_21.49.44_ka5ocg.jpg,https://res.cloudinary.com/dkgx2zv2g/image/upload/v1754534581/WhatsApp_Image_2025-08-06_at_22.12.30_2_gvrier.jpg,https://res.cloudinary.com/dkgx2zv2g/image/upload/v1754533650/WhatsApp_Image_2025-08-06_at_22.35.26_ohjoxh.jpg,https://res.cloudinary.com/dkgx2zv2g/image/upload/v1754540914/2_xg4leh.jpg,,,https://res.cloudinary.com/dkgx2zv2g/image/upload/v1754534973/WhatsApp_Image_2025-08-06_at_22.49.38_1_ytxnjo.jpg
https://res.cloudinary.com/dkgx2zv2g/image/upload/v1754540759/33_ur8yai.jpg,https://res.cloudinary.com/dkgx2zv2g/image/upload/v1754534162/WhatsApp_Image_2025-08-06_at_21.49.44_2_dhyxxz.jpg,https://res.cloudinary.com/dkgx2zv2g/image/upload/v1754534579/WhatsApp_Image_2025-08-06_at_22.12.29_hnwmls.jpg,https://res.cloudinary.com/dkgx2zv2g/image/upload/v1754533649/WhatsApp_Image_2025-08-06_at_22.35.26_2_zvaltz.jpg,https://res.cloudinary.com/dkgx2zv2g/image/upload/v1754540903/1_bfcjov.jpg,,,https://res.cloudinary.com/dkgx2zv2g/image/upload/v1754534971/WhatsApp_Image_2025-08-06_at_22.49.33_o1lcsb.jpg
https://res.cloudinary.com/dkgx2zv2g/image/upload/v1754540751/17_jnfnmp.jpg,https://res.cloudinary.com/dkgx2zv2g/image/upload/v1754534162/WhatsApp_Image_2025-08-06_at_21.49.41_1_cfbmfa.jpg,https://res.cloudinary.com/dkgx2zv2g/image/upload/v1754668740/WhatsApp_Image_2025-08-06_at_22.12.29_1_ecdipz.jpg,https://res.cloudinary.com/dkgx2zv2g/image/upload/v1754533647/WhatsApp_Image_2025-08-06_at_22.35.26_1_ehvxq4.jpg,https://res.cloudinary.com/dkgx2zv2g/image/upload/v1754540897/28_cveged.jpg,,,https://res.cloudinary.com/dkgx2zv2g/image/upload/v1754534968/WhatsApp_Image_2025-08-06_at_22.49.30_g1gujy.jpg
https://res.cloudinary.com/dkgx2zv2g/image/upload/v1754540744/20_znfmre.jpg,https://res.cloudinary.com/dkgx2zv2g/image/upload/v1754534161/WhatsApp_Image_2025-08-06_at_21.49.43_2_emj11j.jpg,,https://res.cloudinary.com/dkgx2zv2g/image/upload/v1754533646/WhatsApp_Image_2025-08-06_at_22.35.25_zjdltj.jpg,,,,https://res.cloudinary.com/dkgx2zv2g/image/upload/v1754534963/WhatsApp_Image_2025-08-06_at_22.49.26_leeerx.jpg
https://res.cloudinary.com/dkgx2zv2g/image/upload/v1754540728/11_iyzlel.jpg,https://res.cloudinary.com/dkgx2zv2g/image/upload/v1754534156/WhatsApp_Image_2025-08-06_at_21.49.42_1_pdcszu.jpg,,https://res.cloudinary.com/dkgx2zv2g/image/upload/v1754533644/WhatsApp_Image_2025-08-06_at_22.35.25_1_iqzkwg.jpg,,,,https://res.cloudinary.com/dkgx2zv2g/image/upload/v1754597270/WhatsApp_Image_2025-08-06_at_22.49.34_rhvo1e.jpg
https://res.cloudinary.com/dkgx2zv2g/image/upload/v1754540717/8_lhm5am.jpg,https://res.cloudinary.com/dkgx2zv2g/image/upload/v1754534154/WhatsApp_Image_2025-08-06_at_21.49.41_2_noalqs.jpg,,https://res.cloudinary.com/dkgx2zv2g/image/upload/v1754533643/WhatsApp_Image_2025-08-06_at_22.35.24_rp111o.jpg,,,,
https://res.cloudinary.com/dkgx2zv2g/image/upload/v1754540710/4_s8bmvo.jpg,https://res.cloudinary.com/dkgx2zv2g/image/upload/v1754534154/WhatsApp_Image_2025-08-06_at_21.49.41_eg3wmm.jpg,,https://res.cloudinary.com/dkgx2zv2g/image/upload/v1754533642/WhatsApp_Image_2025-08-06_at_22.35.24_2_zugcin.jpg,,,,
https://res.cloudinary.com/dkgx2zv2g/image/upload/v1754540702/9_glfxvx.jpg,https://res.cloudinary.com/dkgx2zv2g/image/upload/v1754534153/WhatsApp_Image_2025-08-06_at_21.49.40_n2zqdr.jpg,,https://res.cloudinary.com/dkgx2zv2g/image/upload/v1754533640/WhatsApp_Image_2025-08-06_at_22.35.24_1_vysxy8.jpg,,,,
https://res.cloudinary.com/dkgx2zv2g/image/upload/v1754540693/7_xkcjqe.jpg,,,https://res.cloudinary.com/dkgx2zv2g/image/upload/v1754533639/WhatsApp_Image_2025-08-06_at_22.35.23_wiv8c1.jpg,,,,
https://res.cloudinary.com/dkgx2zv2g/image/upload/v1754540678/29_ckqs6s.jpg,,,https://res.cloudinary.com/dkgx2zv2g/image/upload/v1754533638/WhatsApp_Image_2025-08-06_at_22.35.23_2_lyw5mu.jpg,,,,
https://res.cloudinary.com/dkgx2zv2g/image/upload/v1754540669/26_qgmwbl.jpg,,,https://res.cloudinary.com/dkgx2zv2g/image/upload/v1754533637/WhatsApp_Image_2025-08-06_at_22.35.23_1_awbznj.jpg,,,,
https://res.cloudinary.com/dkgx2zv2g/image/upload/v1754540634/14_wfbuxp.jpg,,,https://res.cloudinary.com/dkgx2zv2g/image/upload/v1754533635/WhatsApp_Image_2025-08-06_at_22.35.22_x2skvh.jpg,,,,
https://res.cloudinary.com/dkgx2zv2g/image/upload/v1754540600/13_lbxqyx.jpg,,,,,,,
https://res.cloudinary.com/dkgx2zv2g/image/upload/v1754540581/3_bfffve.jpg,,,,,,,
https://res.cloudinary.com/dkgx2zv2g/image/upload/v1754540571/54_zjthj7.jpg,,,,,,,
https://res.cloudinary.com/dkgx2zv2g/image/upload/v1754540563/53_ehgj1a.jpg,,,,,,,
https://res.cloudinary.com/dkgx2zv2g/image/upload/v1754540553/52_otpzld.jpg,,,,,,,
https://res.cloudinary.com/dkgx2zv2g/image/upload/v1754540547/51_yvqtgq.jpg,,,,,,,
https://res.cloudinary.com/dkgx2zv2g/image/upload/v1754540539/50_xirbgo.jpg,,,,,,,
https://res.cloudinary.com/dkgx2zv2g/image/upload/v1754540533/49_notmlq.jpg,,,,,,,
https://res.cloudinary.com/dkgx2zv2g/image/upload/v1754540528/48_rix6uf.jpg,,,,,,,
https://res.cloudinary.com/dkgx2zv2g/image/upload/v1754540471/47_mdazch.jpg,,,,,,,
https://res.cloudinary.com/dkgx2zv2g/image/upload/v1754540465/46_taip2z.jpg,,,,,,,
https://res.cloudinary.com/dkgx2zv2g/image/upload/v1754540457/45_cdsygo.jpg,,,,,,,
https://res.cloudinary.com/dkgx2zv2g/image/upload/v1754540450/44_ei2mar.jpg,,,,,,,
https://res.cloudinary.com/dkgx2zv2g/image/upload/v1754540440/43_gzxlb7.jpg,,,,,,,
https://res.cloudinary.com/dkgx2zv2g/image/upload/v1754540431/42_yaut94.jpg,,,,,,,
https://res.cloudinary.com/dkgx2zv2g/image/upload/v1754540423/41_vohowt.jpg,,,,,,,
https://res.cloudinary.com/dkgx2zv2g/image/upload/v1754540416/40_yuuktq.jpg,,,,,,,
https://res.cloudinary.com/dkgx2zv2g/image/upload/v1754540409/39_wwguc8.jpg,,,,,,,
https://res.cloudinary.com/dkgx2zv2g/image/upload/v1754540401/38_rnzsbz.jpg,,,,,,,
https://res.cloudinary.com/dkgx2zv2g/image/upload/v1754540393/37_p77rvr.jpg,,,,,,,
https://res.cloudinary.com/dkgx2zv2g/image/upload/v1754540382/1_p0mqbu.jpg,,,,,,,
https://res.cloudinary.com/dkgx2zv2g/image/upload/v1754540375/2_j4xhg1.jpg,,,,,,,
,,,,,https://res.cloudinary.com/dkgx2zv2g/image/upload/v1754534564/WhatsApp_Image_2025-08-06_at_22.39.01_f1fqxg.jpg,,
